<?xml version="1.0" encoding="UTF-8"?>
<project-private xmlns="http://www.netbeans.org/ns/project-private/1">
    <editor-bookmarks xmlns="http://www.netbeans.org/ns/editor-bookmarks/2" lastBookmarkId="0"/>
    <open-files xmlns="http://www.netbeans.org/ns/projectui-open-files/2">
        <group>
            <file>file:/C:/Users/venka/OneDrive/Documents/NetBeansProjects/Cloud%20Based%20Bus%20Pass%20System/web/AdminHome.jsp</file>
            <file>file:/C:/Users/venka/OneDrive/Documents/NetBeansProjects/Cloud%20Based%20Bus%20Pass%20System/src/java/com/database/DbConnection.java</file>
            <file>file:/C:/Users/venka/OneDrive/Documents/NetBeansProjects/Cloud%20Based%20Bus%20Pass%20System/web/AdminLogin.jsp</file>
            <file>file:/C:/Users/venka/OneDrive/Documents/NetBeansProjects/Cloud%20Based%20Bus%20Pass%20System/web/Admin.jsp</file>
        </group>
    </open-files>
</project-private>
